package_name, organisation, dev
omopgenerics, darwin-eu, ox
omock, ohdsi, ox
OmopConstructor, ohdsi, ox
OmopOnSpark, ohdsi, ox
visOmopResults, darwin-eu, ox
CodelistGenerator, darwin-eu, ox
PatientProfiles, darwin-eu, ox
CohortConstructor, ohdsi, ox
IncidencePrevalence, darwin-eu, ox
DrugUtilisation, darwin-eu, ox
CohortCharacteristics, darwin-eu, ox
CohortSurvival, darwin-eu, ox
CohortSymmetry, ohdsi, ox
OmopSketch, ohdsi, ox
MeasurementDiagnostics, ohdsi, ox
PhenotypeR, ohdsi, ox
OmopViewer, ohdsi, ox
EpiStandard, oxford-pharmacoepi, ox